10th,12th,BTech_GPA,Personality_Type,Internship,Project_Experience,dbms,java,ml,python,communication,leadership,teamwork,coding,design,research
1.0,1.0,0.8181818181818175,ISFP,1,1,1,1,1,1,0,1,0,1,0,1
0.9285714285714288,0.8571428571428577,0.9999999999999991,INFJ,1,1,1,1,1,1,0,1,1,1,1,0
0.5,0.4285714285714288,0.2727272727272725,INTJ,1,1,0,1,1,1,1,1,0,1,1,0
0.7142857142857144,0.35714285714285765,0.45454545454545503,INTP,1,1,0,0,1,1,1,1,0,1,1,0
